-- phpMyAdmin SQL Dump
-- version 4.3.11
-- http://www.phpmyadmin.net
--
-- Host: 127.0.0.1
-- Generation Time: Apr 11, 2016 at 05:42 PM
-- Server version: 5.6.24
-- PHP Version: 5.6.8

SET SQL_MODE = "NO_AUTO_VALUE_ON_ZERO";
SET time_zone = "+00:00";


/*!40101 SET @OLD_CHARACTER_SET_CLIENT=@@CHARACTER_SET_CLIENT */;
/*!40101 SET @OLD_CHARACTER_SET_RESULTS=@@CHARACTER_SET_RESULTS */;
/*!40101 SET @OLD_COLLATION_CONNECTION=@@COLLATION_CONNECTION */;
/*!40101 SET NAMES utf8 */;

--
-- Database: `busdepot`
--

-- --------------------------------------------------------

--
-- Table structure for table `bus`
--

CREATE TABLE IF NOT EXISTS `bus` (
  `busId` varchar(15) COLLATE utf8_bin NOT NULL,
  `arrivalTime` time NOT NULL COMMENT 'Time of arrival on depot',
  `departTime` time NOT NULL COMMENT 'Time of departure from depot',
  `type` varchar(15) COLLATE utf8_bin NOT NULL COMMENT 'Like sleeper or general',
  `status` varchar(15) COLLATE utf8_bin NOT NULL COMMENT 'running or not working etc'
) ENGINE=InnoDB DEFAULT CHARSET=utf8 COLLATE=utf8_bin;

--
-- Dumping data for table `bus`
--

INSERT INTO `bus` (`busId`, `arrivalTime`, `departTime`, `type`, `status`) VALUES
('BR01-BS1000', '05:54:00', '20:50:00', 'sleeper', 'running'),
('BR01-BS1001', '18:30:00', '04:00:00', 'sleeper', 'running'),
('BR01-BS1002', '20:30:00', '06:30:00', 'general', 'running'),
('BR01-BS1003', '16:00:00', '06:00:00', 'general', 'not working'),
('BR01-BS1004', '20:00:00', '05:00:00', 'general', 'running');

-- --------------------------------------------------------

--
-- Table structure for table `bus_gen_info`
--

CREATE TABLE IF NOT EXISTS `bus_gen_info` (
  `busId` varchar(15) COLLATE utf8_bin NOT NULL,
  `mfgDate` date NOT NULL COMMENT 'manufacturing date',
  `insuranceUpTo` date NOT NULL COMMENT 'insurance valid upto',
  `nextServDate` date NOT NULL,
  `totalDistTravelled` int(11) NOT NULL
) ENGINE=InnoDB DEFAULT CHARSET=utf8 COLLATE=utf8_bin COMMENT='General bus info';

--
-- Dumping data for table `bus_gen_info`
--

INSERT INTO `bus_gen_info` (`busId`, `mfgDate`, `insuranceUpTo`, `nextServDate`, `totalDistTravelled`) VALUES
('BR01-BS1000', '2006-03-01', '2018-02-01', '2016-04-21', 20000),
('BR01-BS1001', '2003-04-30', '2019-04-13', '2016-07-29', 25000),
('BR01-BS1002', '2005-11-18', '2018-10-07', '2016-10-11', 27000),
('BR01-BS1003', '2006-09-14', '2020-04-15', '2016-07-12', 15000),
('BR01-BS1004', '2001-04-13', '2020-04-01', '2016-10-23', 30000);

-- --------------------------------------------------------

--
-- Table structure for table `ci_sessions`
--

CREATE TABLE IF NOT EXISTS `ci_sessions` (
  `id` varchar(40) COLLATE utf8_bin NOT NULL,
  `ip_address` varchar(45) COLLATE utf8_bin NOT NULL,
  `timestamp` int(10) unsigned NOT NULL DEFAULT '0',
  `data` blob NOT NULL
) ENGINE=InnoDB DEFAULT CHARSET=utf8 COLLATE=utf8_bin;

--
-- Dumping data for table `ci_sessions`
--

INSERT INTO `ci_sessions` (`id`, `ip_address`, `timestamp`, `data`) VALUES
('01de40a2a515894719efaa3f672949ef0d6661ee', '::1', 1460227924, 0x5f5f63695f6c6173745f726567656e65726174657c693a313436303232373932313b7573657269647c733a31303a22616d6974616d61723035223b69734c6f676564496e7c623a313b656d7049647c733a343a2265303138223b),
('02b425f30303a4f627f310682cf999e7ad8d0900', '::1', 1460194186, 0x5f5f63695f6c6173745f726567656e65726174657c693a313436303139333936313b7573657269647c733a31303a2272616d65736831393834223b69734c6f676564496e7c623a313b656d7049647c733a343a2265303032223b),
('02f4273bcc7a16eee4fdf869dea9c7be8cf70e5e', '::1', 1460184623, 0x5f5f63695f6c6173745f726567656e65726174657c693a313436303138343531303b7573657269647c733a31303a22616d6974616d61723035223b69734c6f676564496e7c623a313b656d7049647c733a343a2265303138223b),
('03b8a31a99bffdf3720def5f36dd7230858aaa24', '::1', 1460269286, 0x5f5f63695f6c6173745f726567656e65726174657c693a313436303236383938363b7573657269647c733a31303a22616d6974616d61723035223b69734c6f676564496e7c623a313b656d7049647c733a343a2265303138223b),
('03d1f683b5cdcb84603e9ad60d2cbcf1d8489b2b', '::1', 1460266928, 0x5f5f63695f6c6173745f726567656e65726174657c693a313436303236363932373b),
('0546da4ad4f3b8727482220c6b69d27622a29139', '::1', 1460217970, 0x5f5f63695f6c6173745f726567656e65726174657c693a313436303231373834383b7573657269647c733a31303a22616d6974616d61723035223b69734c6f676564496e7c623a313b656d7049647c733a343a2265303138223b),
('064a3c713d28dc2c52d84330fc58920631b21f27', '::1', 1460185081, 0x5f5f63695f6c6173745f726567656e65726174657c693a313436303138353038313b7573657269647c733a31303a22616d6974616d61723035223b69734c6f676564496e7c623a313b656d7049647c733a343a2265303138223b),
('06c654d6b1a7d79f59f8ae33bd9e2282482850b2', '::1', 1460288728, 0x5f5f63695f6c6173745f726567656e65726174657c693a313436303238383439393b7573657269647c733a31303a22616d6974616d61723035223b69734c6f676564496e7c623a313b656d7049647c733a343a2265303138223b),
('0d63b7a3a91fe11d1b0c9161caa93bc9c00b021b', '::1', 1460374561, 0x5f5f63695f6c6173745f726567656e65726174657c693a313436303337343335393b7573657269647c733a31303a22616d6974616d61723035223b69734c6f676564496e7c623a313b656d7049647c733a343a2265303138223b),
('0e3e51c6868f1a4c5d4bdd10dd518b90e0173e17', '::1', 1460215547, 0x5f5f63695f6c6173745f726567656e65726174657c693a313436303231353037383b7573657269647c733a31303a22616d6974616d61723035223b69734c6f676564496e7c623a313b656d7049647c733a343a2265303138223b),
('149239df1988ed9b91d3a0c056c4860d56595b03', '::1', 1460192410, 0x5f5f63695f6c6173745f726567656e65726174657c693a313436303139323135303b7573657269647c733a31303a22616d6974616d61723035223b69734c6f676564496e7c623a313b656d7049647c733a343a2265303138223b),
('152123ec4b79610dcdeaa338b0fa7e6440508f31', '::1', 1460230284, 0x5f5f63695f6c6173745f726567656e65726174657c693a313436303233303030373b7573657269647c733a31303a22616d6974616d61723035223b69734c6f676564496e7c623a313b656d7049647c733a343a2265303138223b),
('16137a73128f3c7a05f6f5707a61c504168cfd3b', '::1', 1460212022, 0x5f5f63695f6c6173745f726567656e65726174657c693a313436303231313733343b7573657269647c733a31303a22616d6974616d61723035223b69734c6f676564496e7c623a313b656d7049647c733a343a2265303138223b),
('16febbdfc4b31f44242150a11bb1004b8a8e7ab8', '::1', 1460212591, 0x5f5f63695f6c6173745f726567656e65726174657c693a313436303231323539313b7573657269647c733a31303a22616d6974616d61723035223b69734c6f676564496e7c623a313b656d7049647c733a343a2265303138223b),
('1b39ab235adba02d25d7b87324e526e2c0015eb0', '::1', 1460354673, 0x5f5f63695f6c6173745f726567656e65726174657c693a313436303335343336333b7573657269647c733a31303a22616d6974616d61723035223b69734c6f676564496e7c623a313b656d7049647c733a343a2265303138223b),
('1c284ac428bdd52d98a022a719efdd38a7972079', '::1', 1460367600, 0x5f5f63695f6c6173745f726567656e65726174657c693a313436303336373330343b7573657269647c733a31303a22616d6974616d61723035223b69734c6f676564496e7c623a313b656d7049647c733a343a2265303138223b),
('1e7ab94011e1c65e0e075503e389407352c96ad0', '::1', 1460353403, 0x5f5f63695f6c6173745f726567656e65726174657c693a313436303335333337303b7573657269647c733a31303a22616d6974616d61723035223b69734c6f676564496e7c623a313b656d7049647c733a343a2265303138223b),
('21d1d24a657d9b724a1dce827967b8dc011f599c', '::1', 1460266944, 0x5f5f63695f6c6173745f726567656e65726174657c693a313436303236363932383b7573657269647c733a31303a22616d6974616d61723035223b69734c6f676564496e7c623a313b656d7049647c733a343a2265303138223b),
('23a595d8f247f5ae991d87524f8e08aca46b434c', '::1', 1460110010, 0x5f5f63695f6c6173745f726567656e65726174657c693a313436303130393733303b7573657269647c733a31303a22616d6974616d61723035223b69734c6f676564496e7c623a313b656d7049647c733a343a2265303138223b),
('25063bdf4a278ea31d9d6fed8dc7badefd532c55', '::1', 1460205041, 0x5f5f63695f6c6173745f726567656e65726174657c693a313436303230343739343b7573657269647c733a31303a22616d6974616d61723035223b69734c6f676564496e7c623a313b656d7049647c733a343a2265303138223b),
('26a4a1c511e33a5ab4df8fcccf31fc7d7b4b3d59', '192.168.59.102', 1460365093, 0x5f5f63695f6c6173745f726567656e65726174657c693a313436303336343935393b),
('26b747cd5e926592a1f0272e1ae2a28e4e88654d', '::1', 1460366080, 0x5f5f63695f6c6173745f726567656e65726174657c693a313436303336353831333b7573657269647c733a31303a22616d6974616d61723035223b69734c6f676564496e7c623a313b656d7049647c733a343a2265303138223b),
('292a884573d2b9682ff3b438a8c07575a5403e7d', '::1', 1460230687, 0x5f5f63695f6c6173745f726567656e65726174657c693a313436303233303638353b7573657269647c733a31303a22616d6974616d61723035223b69734c6f676564496e7c623a313b656d7049647c733a343a2265303138223b),
('29ec42bcfba00a8541b65fca8592e4cec1de633d', '::1', 1460197527, 0x5f5f63695f6c6173745f726567656e65726174657c693a313436303139373432393b7573657269647c733a31303a2272616d65736831393834223b69734c6f676564496e7c623a313b656d7049647c733a343a2265303032223b),
('2a6f93ba9f699bb65298a98039f79a51443d8f23', '::1', 1460109109, 0x5f5f63695f6c6173745f726567656e65726174657c693a313436303130383834353b7573657269647c733a31303a22616d6974616d61723035223b69734c6f676564496e7c623a313b656d7049647c733a343a2265303138223b),
('2ae1d22462becf7b045d15d28c1d96da51f16801', '::1', 1460202492, 0x5f5f63695f6c6173745f726567656e65726174657c693a313436303230323439323b7573657269647c733a31303a22616d6974616d61723035223b69734c6f676564496e7c623a313b656d7049647c733a343a2265303138223b),
('2b65fe5a36894421a5066cbc3a76c10663f20788', '::1', 1460225950, 0x5f5f63695f6c6173745f726567656e65726174657c693a313436303232353734353b7573657269647c733a31303a22616d6974616d61723035223b69734c6f676564496e7c623a313b656d7049647c733a343a2265303138223b),
('2c5adf6a13ea3e5d14f77e06b32d59661630b85c', '::1', 1460113550, 0x5f5f63695f6c6173745f726567656e65726174657c693a313436303131333337343b7573657269647c733a31303a2272616d65736831393834223b69734c6f676564496e7c623a313b656d7049647c733a343a2265303032223b),
('2d34f0b8ede9047e8a015f3f7c0d4d5c508dd92f', '::1', 1460268227, 0x5f5f63695f6c6173745f726567656e65726174657c693a313436303236373933373b7573657269647c733a31303a22616d6974616d61723035223b69734c6f676564496e7c623a313b656d7049647c733a343a2265303138223b),
('313d94ca9a537de969bdae6620ad4ef2452c666f', '::1', 1460222271, 0x5f5f63695f6c6173745f726567656e65726174657c693a313436303232323237303b7573657269647c733a31303a22616d6974616d61723035223b69734c6f676564496e7c623a313b656d7049647c733a343a2265303138223b),
('31b7e245ce88b4ec1b38a409ce8db3e740684985', '::1', 1460228695, 0x5f5f63695f6c6173745f726567656e65726174657c693a313436303232383431313b7573657269647c733a31303a22616d6974616d61723035223b69734c6f676564496e7c623a313b656d7049647c733a343a2265303138223b),
('31f6d090452cfb640b2bb2d1c0c858f256141bcb', '192.168.59.102', 1460364889, 0x5f5f63695f6c6173745f726567656e65726174657c693a313436303336343635323b),
('32a7a7962a9998f82c73401df7c14c2015f2cbab', '::1', 1460375827, 0x5f5f63695f6c6173745f726567656e65726174657c693a313436303337353536323b7573657269647c733a31303a22616d6974616d61723035223b69734c6f676564496e7c623a313b656d7049647c733a343a2265303138223b),
('354c89a9a54b6b650ef59089347a5dba3a3a0812', '::1', 1460354828, 0x5f5f63695f6c6173745f726567656e65726174657c693a313436303335343638343b7573657269647c733a31303a22616d6974616d61723035223b69734c6f676564496e7c623a313b656d7049647c733a343a2265303138223b),
('3af910ce1796f5b324a0c062efecbdd66b9a21cf', '::1', 1460218224, 0x5f5f63695f6c6173745f726567656e65726174657c693a313436303231383231333b7573657269647c733a31303a22616d6974616d61723035223b69734c6f676564496e7c623a313b656d7049647c733a343a2265303138223b),
('3afce2837fb2a0024f2a1d1e295421bf5df09c63', '::1', 1460216310, 0x5f5f63695f6c6173745f726567656e65726174657c693a313436303231363036363b7573657269647c733a31303a22616d6974616d61723035223b69734c6f676564496e7c623a313b656d7049647c733a343a2265303138223b),
('3bf55a4220c488fe1656c1b98065b8338e1d0f2e', '::1', 1460193742, 0x5f5f63695f6c6173745f726567656e65726174657c693a313436303139333535343b7573657269647c733a31303a2272616d65736831393834223b69734c6f676564496e7c623a313b656d7049647c733a343a2265303032223b),
('3d13a3884d983a762b580c8cc8de20ab5bacdacb', '::1', 1460221639, 0x5f5f63695f6c6173745f726567656e65726174657c693a313436303232313433373b7573657269647c733a31303a22616d6974616d61723035223b69734c6f676564496e7c623a313b656d7049647c733a343a2265303138223b),
('3dae1613eaeb00409baa5dbb9ea16794e2a3e968', '::1', 1460365725, 0x5f5f63695f6c6173745f726567656e65726174657c693a313436303336353438353b),
('3efaddb2f887745310c65df6c45b209b4c50fdd9', '::1', 1460211173, 0x5f5f63695f6c6173745f726567656e65726174657c693a313436303231313137333b7573657269647c733a31303a22616d6974616d61723035223b69734c6f676564496e7c623a313b656d7049647c733a343a2265303138223b),
('3f104709393e9b9900da956474380daf71ad40da', '::1', 1460190500, 0x5f5f63695f6c6173745f726567656e65726174657c693a313436303139303237343b7573657269647c733a31303a22616d6974616d61723035223b69734c6f676564496e7c623a313b656d7049647c733a343a2265303138223b),
('43ab71ac8b3365d65314e26e15e03465afada6ae', '::1', 1460364877, 0x5f5f63695f6c6173745f726567656e65726174657c693a313436303336343731393b7573657269647c733a31303a22616d6974616d61723035223b69734c6f676564496e7c623a313b656d7049647c733a343a2265303138223b),
('43fbac834ec06a6ccb7a35d3e6a4ac38b170b92b', '::1', 1460111807, 0x5f5f63695f6c6173745f726567656e65726174657c693a313436303131313830363b7573657269647c733a31303a22616d6974616d61723035223b69734c6f676564496e7c623a313b656d7049647c733a343a2265303138223b),
('4475a3fe6f2571ef0d191856c9b8926434d845d3', '::1', 1460231947, 0x5f5f63695f6c6173745f726567656e65726174657c693a313436303233313934343b7573657269647c733a31303a22616d6974616d61723035223b69734c6f676564496e7c623a313b656d7049647c733a343a2265303138223b),
('451c8d0904fcb0a22c5daa854bef1c12698b2ffa', '::1', 1460366335, 0x5f5f63695f6c6173745f726567656e65726174657c693a313436303336363133313b7573657269647c733a31303a22616d6974616d61723035223b69734c6f676564496e7c623a313b656d7049647c733a343a2265303138223b),
('47d9a9210649117b638fb38baa8549a062a5a591', '::1', 1460291844, 0x5f5f63695f6c6173745f726567656e65726174657c693a313436303239313830373b7573657269647c733a31303a22616d6974616d61723035223b69734c6f676564496e7c623a313b656d7049647c733a343a2265303138223b),
('4b52eaa95e004fb1271d5c05268977fac9f7df91', '::1', 1460278861, 0x5f5f63695f6c6173745f726567656e65726174657c693a313436303237383539323b7573657269647c733a31303a22616d6974616d61723035223b69734c6f676564496e7c623a313b656d7049647c733a343a2265303138223b),
('4d31203761c465f048166372dc1527a6f4abcc07', '::1', 1460374961, 0x5f5f63695f6c6173745f726567656e65726174657c693a313436303337343730393b7573657269647c733a31303a22616d6974616d61723035223b69734c6f676564496e7c623a313b656d7049647c733a343a2265303138223b),
('4dc10f379498eee7424ab469d0edbecf53d68938', '::1', 1460212493, 0x5f5f63695f6c6173745f726567656e65726174657c693a313436303231323238343b7573657269647c733a31303a22616d6974616d61723035223b69734c6f676564496e7c623a313b656d7049647c733a343a2265303138223b),
('4e670883ee44a61d98f7d5ee65424b2664995166', '::1', 1460200129, 0x5f5f63695f6c6173745f726567656e65726174657c693a313436303139393836333b7573657269647c733a31303a22616d6974616d61723035223b69734c6f676564496e7c623a313b656d7049647c733a343a2265303138223b),
('5275060c47ec867ab145135134c48f40d1ac7788', '::1', 1460103166, 0x5f5f63695f6c6173745f726567656e65726174657c693a313436303130323837333b7573657269647c733a31303a22616d6974616d61723035223b69734c6f676564496e7c623a313b656d7049647c733a343a2265303138223b),
('53f6bae028bda191ccfa1b15ced42663c6ccad37', '::1', 1460352967, 0x5f5f63695f6c6173745f726567656e65726174657c693a313436303335323934333b7573657269647c733a31303a22616d6974616d61723035223b69734c6f676564496e7c623a313b656d7049647c733a343a2265303138223b),
('54c11f5f2e8b7316c8b1d4a0865d5af63ca87841', '::1', 1460204579, 0x5f5f63695f6c6173745f726567656e65726174657c693a313436303230343335383b7573657269647c733a31303a22616d6974616d61723035223b69734c6f676564496e7c623a313b656d7049647c733a343a2265303138223b),
('578fea9a5dcb0d0f52f6d056f794e69a4f709baa', '::1', 1460201748, 0x5f5f63695f6c6173745f726567656e65726174657c693a313436303230313733323b7573657269647c733a31303a22616d6974616d61723035223b69734c6f676564496e7c623a313b656d7049647c733a343a2265303138223b),
('57ca3099c29188ccbb4f9d16ff4c02823747c5ee', '::1', 1460283143, 0x5f5f63695f6c6173745f726567656e65726174657c693a313436303238333034353b7573657269647c733a31303a22616d6974616d61723035223b69734c6f676564496e7c623a313b656d7049647c733a343a2265303138223b),
('59f827b7ddea5d46d53a67cb44e147f11f388d94', '::1', 1460110983, 0x5f5f63695f6c6173745f726567656e65726174657c693a313436303131303833363b7573657269647c733a31303a22616d6974616d61723035223b69734c6f676564496e7c623a313b656d7049647c733a343a2265303138223b),
('5aa2fa317302c32c0e5ec476b9e5f53676a4b165', '::1', 1460198202, 0x5f5f63695f6c6173745f726567656e65726174657c693a313436303139373930333b7573657269647c733a31303a22616d6974616d61723035223b69734c6f676564496e7c623a313b656d7049647c733a343a2265303138223b),
('5ae85574321c1a341393e93b64dd487d55c5a587', '192.168.59.102', 1460365798, 0x5f5f63695f6c6173745f726567656e65726174657c693a313436303336353637333b),
('5b0946009346b350463c22043611a911c29637c9', '::1', 1460213030, 0x5f5f63695f6c6173745f726567656e65726174657c693a313436303231323931303b7573657269647c733a31303a22616d6974616d61723035223b69734c6f676564496e7c623a313b656d7049647c733a343a2265303138223b),
('5b4672d01dc26d9052dee2080aebc90d4e90fe44', '::1', 1460185542, 0x5f5f63695f6c6173745f726567656e65726174657c693a313436303138353438353b7573657269647c733a31303a22616d6974616d61723035223b69734c6f676564496e7c623a313b656d7049647c733a343a2265303138223b),
('5f194d45e717a6c56c54b1037885816c2bceb0fc', '::1', 1460230459, 0x5f5f63695f6c6173745f726567656e65726174657c693a313436303233303334303b7573657269647c733a31303a22616d6974616d61723035223b69734c6f676564496e7c623a313b656d7049647c733a343a2265303138223b),
('5fb8b29263565a98ef5c499cbcc85619aed3667a', '::1', 1460282702, 0x5f5f63695f6c6173745f726567656e65726174657c693a313436303238323638343b7573657269647c733a31303a22616d6974616d61723035223b69734c6f676564496e7c623a313b656d7049647c733a343a2265303138223b),
('635fcf554d6766e6cb979f38908e37ba59c65fd5', '::1', 1460206299, 0x5f5f63695f6c6173745f726567656e65726174657c693a313436303230363135353b7573657269647c733a31303a22616d6974616d61723035223b69734c6f676564496e7c623a313b656d7049647c733a343a2265303138223b),
('64ad2be0b47798915acaa2c93d922a93efeaab73', '::1', 1460232432, 0x5f5f63695f6c6173745f726567656e65726174657c693a313436303233323333313b7573657269647c733a31303a22616d6974616d61723035223b69734c6f676564496e7c623a313b656d7049647c733a343a2265303138223b),
('663cada35abb174fa8b7047767bb15f7f72dbf88', '::1', 1460201335, 0x5f5f63695f6c6173745f726567656e65726174657c693a313436303230313034343b7573657269647c733a31303a22616d6974616d61723035223b69734c6f676564496e7c623a313b656d7049647c733a343a2265303138223b),
('679cce665b42f43c11edebaa3d32393fba40e824', '::1', 1460201590, 0x5f5f63695f6c6173745f726567656e65726174657c693a313436303230313336323b7573657269647c733a31303a22616d6974616d61723035223b69734c6f676564496e7c623a313b656d7049647c733a343a2265303138223b),
('67ebb8c16ccf26ffe49b5fa0ec48986770ec24f6', '::1', 1460200327, 0x5f5f63695f6c6173745f726567656e65726174657c693a313436303230303332363b7573657269647c733a31303a2272616d65736831393834223b69734c6f676564496e7c623a313b656d7049647c733a343a2265303032223b),
('69d7eb33b4fc0bcb4b15514871dbf1ecfe75d8ac', '::1', 1460194588, 0x5f5f63695f6c6173745f726567656e65726174657c693a313436303139343331323b7573657269647c733a31303a2272616d65736831393834223b69734c6f676564496e7c623a313b656d7049647c733a343a2265303032223b),
('6b1afcd2df8f2b2cc544e46b14eaa2148c212794', '::1', 1460195229, 0x5f5f63695f6c6173745f726567656e65726174657c693a313436303139343933373b7573657269647c733a31303a2272616d65736831393834223b69734c6f676564496e7c623a313b656d7049647c733a343a2265303032223b),
('6cde19749beb14da3b7281e539a33164b2bfee02', '::1', 1460204932, 0x5f5f63695f6c6173745f726567656e65726174657c693a313436303230343833363b7573657269647c733a31303a2272616d65736831393834223b69734c6f676564496e7c623a313b656d7049647c733a343a2265303032223b),
('6f9c80ebae7959be1640ce15da8d0b32dc1b712c', '::1', 1460195398, 0x5f5f63695f6c6173745f726567656e65726174657c693a313436303139353338303b7573657269647c733a31303a22616d6974616d61723035223b69734c6f676564496e7c623a313b656d7049647c733a343a2265303138223b),
('6ffbd368e204c5945998c3f0c308c101aa000c64', '::1', 1460281952, 0x5f5f63695f6c6173745f726567656e65726174657c693a313436303238313837373b7573657269647c733a31303a22616d6974616d61723035223b69734c6f676564496e7c623a313b656d7049647c733a343a2265303138223b),
('72155ead83118b358f344316efad34ed10feede9', '::1', 1460200295, 0x5f5f63695f6c6173745f726567656e65726174657c693a313436303230303232363b7573657269647c733a31303a22616d6974616d61723035223b69734c6f676564496e7c623a313b656d7049647c733a343a2265303138223b),
('7255e43723e29fee9eb11c97240246a3f73e8403', '::1', 1460198952, 0x5f5f63695f6c6173745f726567656e65726174657c693a313436303139383638383b7573657269647c733a31303a22616d6974616d61723035223b69734c6f676564496e7c623a313b656d7049647c733a343a2265303138223b),
('75262c473f75ea65edba28b8996d8a7926ff5cd9', '::1', 1460368935, 0x5f5f63695f6c6173745f726567656e65726174657c693a313436303336383732363b7573657269647c733a31303a22616d6974616d61723035223b69734c6f676564496e7c623a313b656d7049647c733a343a2265303138223b),
('754a4d647f16c35a0b01f6bd0127066809f96719', '::1', 1460352654, 0x5f5f63695f6c6173745f726567656e65726174657c693a313436303335323338333b7573657269647c733a31303a22616d6974616d61723035223b69734c6f676564496e7c623a313b656d7049647c733a343a2265303138223b),
('784fccdf9513048c518e3397db8d40d291aeb9c6', '::1', 1460104570, 0x5f5f63695f6c6173745f726567656e65726174657c693a313436303130343335333b7573657269647c733a31303a22616d6974616d61723035223b69734c6f676564496e7c623a313b656d7049647c733a343a2265303138223b),
('7aa6f0461d05e3f8dcf8be34155e6f02cd12eef6', '::1', 1460199250, 0x5f5f63695f6c6173745f726567656e65726174657c693a313436303139393037373b7573657269647c733a31303a22616d6974616d61723035223b69734c6f676564496e7c623a313b656d7049647c733a343a2265303138223b),
('7c05f80b9e841dab20a6f3ddde1615667d500389', '::1', 1460290408, 0x5f5f63695f6c6173745f726567656e65726174657c693a313436303239303133373b7573657269647c733a31303a22616d6974616d61723035223b69734c6f676564496e7c623a313b656d7049647c733a343a2265303138223b),
('7c9c11e326f5fdc9c7151c7c4d469477ba468d71', '::1', 1460366525, 0x5f5f63695f6c6173745f726567656e65726174657c693a313436303336363434393b7573657269647c733a31303a22616d6974616d61723035223b69734c6f676564496e7c623a313b656d7049647c733a343a2265303138223b),
('7f14e354818f7422802e6bc1449260abb7bfdd82', '::1', 1460203959, 0x5f5f63695f6c6173745f726567656e65726174657c693a313436303230333639303b7573657269647c733a31303a22616d6974616d61723035223b69734c6f676564496e7c623a313b656d7049647c733a343a2265303138223b),
('7f92c3cd87eaa3935d57d920693ec88c40769e5a', '::1', 1460268561, 0x5f5f63695f6c6173745f726567656e65726174657c693a313436303236383239303b7573657269647c733a31303a22616d6974616d61723035223b69734c6f676564496e7c623a313b656d7049647c733a343a2265303138223b),
('8271f58f5157d112be4ca3c671cae0efb2935274', '::1', 1460269359, 0x5f5f63695f6c6173745f726567656e65726174657c693a313436303236393333373b7573657269647c733a31303a22616d6974616d61723035223b69734c6f676564496e7c623a313b656d7049647c733a343a2265303138223b),
('8486b01addd8880cc4b31b8d9725fe14d32145a2', '::1', 1460216729, 0x5f5f63695f6c6173745f726567656e65726174657c693a313436303231363536313b7573657269647c733a31303a22616d6974616d61723035223b69734c6f676564496e7c623a313b656d7049647c733a343a2265303138223b),
('873413f55db74d18ad009d39e4c8f90718357231', '::1', 1460205498, 0x5f5f63695f6c6173745f726567656e65726174657c693a313436303230353332323b7573657269647c733a31303a22616d6974616d61723035223b69734c6f676564496e7c623a313b656d7049647c733a343a2265303138223b),
('897ff1a2389f1d708c243a4aebee4d0c449c6488', '::1', 1460104231, 0x5f5f63695f6c6173745f726567656e65726174657c693a313436303130343034333b7573657269647c733a31303a22616d6974616d61723035223b69734c6f676564496e7c623a313b656d7049647c733a343a2265303138223b),
('89cb46fbf375caecbf007a44eebc6940f3857482', '::1', 1460102677, 0x5f5f63695f6c6173745f726567656e65726174657c693a313436303130323437333b7573657269647c733a31303a22616d6974616d61723035223b69734c6f676564496e7c623a313b656d7049647c733a343a2265303138223b),
('8b2308c13c8874a0f74de22b0769acac6e997191', '::1', 1460217272, 0x5f5f63695f6c6173745f726567656e65726174657c693a313436303231373035393b7573657269647c733a31303a22616d6974616d61723035223b69734c6f676564496e7c623a313b656d7049647c733a343a2265303138223b),
('8c19f0cbd750817d9a7b79ac6100455cf8647c96', '::1', 1460375549, 0x5f5f63695f6c6173745f726567656e65726174657c693a313436303337353235373b7573657269647c733a31303a22616d6974616d61723035223b69734c6f676564496e7c623a313b656d7049647c733a343a2265303138223b),
('8c76a0c8e754e7fee04797be038cfa6f697b8fd9', '::1', 1460368387, 0x5f5f63695f6c6173745f726567656e65726174657c693a313436303336383239333b7573657269647c733a31303a22616d6974616d61723035223b69734c6f676564496e7c623a313b656d7049647c733a343a2265303138223b),
('8f9fc9745508a90e6daa4359a972e128fdf6d5ec', '::1', 1460270357, 0x5f5f63695f6c6173745f726567656e65726174657c693a313436303237303231363b7573657269647c733a31303a22616d6974616d61723035223b69734c6f676564496e7c623a313b656d7049647c733a343a2265303138223b),
('903b94ccb300b7eda6332d30565b37dfabf1d89c', '::1', 1460367998, 0x5f5f63695f6c6173745f726567656e65726174657c693a313436303336373937323b7573657269647c733a31303a22616d6974616d61723035223b69734c6f676564496e7c623a313b656d7049647c733a343a2265303138223b),
('9343ea32e26631f4ad7198453dfadadd31ea4de8', '::1', 1460214241, 0x5f5f63695f6c6173745f726567656e65726174657c693a313436303231333936343b7573657269647c733a31303a22616d6974616d61723035223b69734c6f676564496e7c623a313b656d7049647c733a343a2265303138223b),
('93cb245635adad769448305a4623de5f76aede28', '::1', 1460207846, 0x5f5f63695f6c6173745f726567656e65726174657c693a313436303230373831353b7573657269647c733a31303a22616d6974616d61723035223b69734c6f676564496e7c623a313b656d7049647c733a343a2265303138223b),
('9439fb85343a305e573a9b93ac7e0e707fa4bf6a', '::1', 1460286660, 0x5f5f63695f6c6173745f726567656e65726174657c693a313436303238353134373b7573657269647c733a31303a22616d6974616d61723035223b69734c6f676564496e7c623a313b656d7049647c733a343a2265303138223b),
('9908ba5f6c6b0e840131bebda3b90a55cf1316f9', '::1', 1460189546, 0x5f5f63695f6c6173745f726567656e65726174657c693a313436303138393534353b7573657269647c733a31303a22616d6974616d61723035223b69734c6f676564496e7c623a313b656d7049647c733a343a2265303138223b),
('9969b4901217b692e349faefe57e6e751a87f878', '::1', 1460217791, 0x5f5f63695f6c6173745f726567656e65726174657c693a313436303231373433353b7573657269647c733a31303a22616d6974616d61723035223b69734c6f676564496e7c623a313b656d7049647c733a343a2265303138223b),
('99c946280c391f03598aea2154fb0f7b50cc94c2', '::1', 1460193942, 0x5f5f63695f6c6173745f726567656e65726174657c693a313436303139333634343b7573657269647c733a31303a22616d6974616d61723035223b69734c6f676564496e7c623a313b656d7049647c733a343a2265303138223b),
('9afb678d384d1d9120ff18260d72aa801bf54fe6', '::1', 1460354011, 0x5f5f63695f6c6173745f726567656e65726174657c693a313436303335333937373b7573657269647c733a31303a22616d6974616d61723035223b69734c6f676564496e7c623a313b656d7049647c733a343a2265303138223b),
('9b45e752e4f2bf161626e0d010d3ac6c0bc4062a', '::1', 1460227622, 0x5f5f63695f6c6173745f726567656e65726174657c693a313436303232373532313b7573657269647c733a31303a22616d6974616d61723035223b69734c6f676564496e7c623a313b656d7049647c733a343a2265303138223b),
('9cfb71b7bd3168026ba5cffdcad116b1de9be66e', '::1', 1460203662, 0x5f5f63695f6c6173745f726567656e65726174657c693a313436303230333337323b7573657269647c733a31303a22616d6974616d61723035223b69734c6f676564496e7c623a313b656d7049647c733a343a2265303138223b),
('9d08cc5626b343f5d4e916d5e7d1d796c2c4f5c2', '::1', 1460197519, 0x5f5f63695f6c6173745f726567656e65726174657c693a313436303139373431303b7573657269647c733a31303a22616d6974616d61723035223b69734c6f676564496e7c623a313b656d7049647c733a343a2265303138223b),
('9dcfa2d5cf148f33c036bc045555fb32f085212d', '::1', 1460113579, 0x5f5f63695f6c6173745f726567656e65726174657c693a313436303131333430383b7573657269647c733a31303a22616d6974616d61723035223b69734c6f676564496e7c623a313b656d7049647c733a343a2265303138223b),
('a39fe3ed3a3d55f03cca6bd3afd20b60bd62a02d', '::1', 1460194799, 0x5f5f63695f6c6173745f726567656e65726174657c693a313436303139343631323b7573657269647c733a31303a2272616d65736831393834223b69734c6f676564496e7c623a313b656d7049647c733a343a2265303032223b),
('a4657203b0828abecf553c04106d06c1db7ca5f0', '::1', 1460109540, 0x5f5f63695f6c6173745f726567656e65726174657c693a313436303130393239333b7573657269647c733a31303a22616d6974616d61723035223b69734c6f676564496e7c623a313b656d7049647c733a343a2265303138223b),
('a9086dd9eaae1874b140f8594410a895f0c8f02e', '::1', 1460112510, 0x5f5f63695f6c6173745f726567656e65726174657c693a313436303131323234313b7573657269647c733a31303a22616d6974616d61723035223b69734c6f676564496e7c623a313b656d7049647c733a343a2265303138223b),
('a9808c1e2dfabdfaeb049465ed4375bd48e524cd', '::1', 1460233086, 0x5f5f63695f6c6173745f726567656e65726174657c693a313436303233333035303b),
('adbca7868e4bdf26c2d9b5622478e1161aff6f7c', '::1', 1460190709, 0x5f5f63695f6c6173745f726567656e65726174657c693a313436303139303634363b7573657269647c733a31303a22616d6974616d61723035223b69734c6f676564496e7c623a313b656d7049647c733a343a2265303138223b),
('b05e135773b2ee289681a04e2345dfcabfd1acb5', '::1', 1460282598, 0x5f5f63695f6c6173745f726567656e65726174657c693a313436303238323337363b7573657269647c733a31303a22616d6974616d61723035223b69734c6f676564496e7c623a313b656d7049647c733a343a2265303138223b),
('b0af683aa18b6df98b5767712a2cb3afb58e4a9b', '::1', 1460367674, 0x5f5f63695f6c6173745f726567656e65726174657c693a313436303336373635323b7573657269647c733a31303a22616d6974616d61723035223b69734c6f676564496e7c623a313b656d7049647c733a343a2265303138223b),
('b51a7f294d86c2ef9b541c76638d8a266dbdd96d', '::1', 1460186455, 0x5f5f63695f6c6173745f726567656e65726174657c693a313436303138363135393b7573657269647c733a31303a22616d6974616d61723035223b69734c6f676564496e7c623a313b656d7049647c733a343a2265303138223b),
('b839b370852886872dcc9553ee646219d2607afb', '::1', 1460289813, 0x5f5f63695f6c6173745f726567656e65726174657c693a313436303238393630323b7573657269647c733a31303a22616d6974616d61723035223b69734c6f676564496e7c623a313b656d7049647c733a343a2265303138223b),
('ba3dc0dd62c16aa1f0f61883c9d642c393f7bb6d', '::1', 1460284369, 0x5f5f63695f6c6173745f726567656e65726174657c693a313436303238343130343b7573657269647c733a31303a22616d6974616d61723035223b69734c6f676564496e7c623a313b656d7049647c733a343a2265303138223b),
('bcbb6b4759f40cb55ce185ac47746e93cb4d23d8', '::1', 1460279687, 0x5f5f63695f6c6173745f726567656e65726174657c693a313436303237393530383b7573657269647c733a31303a22616d6974616d61723035223b69734c6f676564496e7c623a313b656d7049647c733a343a2265303138223b),
('c2d1e5aab6bcaf6863d6b1c7ef73acb07dbe3326', '::1', 1460309653, 0x5f5f63695f6c6173745f726567656e65726174657c693a313436303330393537393b7573657269647c733a31303a22616d6974616d61723035223b69734c6f676564496e7c623a313b656d7049647c733a343a2265303138223b),
('c2e56f63830509a79d938881fc70745f0557a529', '::1', 1460192791, 0x5f5f63695f6c6173745f726567656e65726174657c693a313436303139323533383b7573657269647c733a31303a22616d6974616d61723035223b69734c6f676564496e7c623a313b656d7049647c733a343a2265303138223b),
('c319756f13aaf59115648390fab49cc23e758de8', '::1', 1460281760, 0x5f5f63695f6c6173745f726567656e65726174657c693a313436303238313531373b7573657269647c733a31303a22616d6974616d61723035223b69734c6f676564496e7c623a313b656d7049647c733a343a2265303138223b),
('c824d3ff98905a3151ff04118e8c6e7c4a861435', '::1', 1460185871, 0x5f5f63695f6c6173745f726567656e65726174657c693a313436303138353832343b7573657269647c733a31303a22616d6974616d61723035223b69734c6f676564496e7c623a313b656d7049647c733a343a2265303138223b),
('cb368f477b83cb3ad3a2cc0a4385c8da0f4c3d36', '::1', 1460111230, 0x5f5f63695f6c6173745f726567656e65726174657c693a313436303131313136353b7573657269647c733a31303a22616d6974616d61723035223b69734c6f676564496e7c623a313b656d7049647c733a343a2265303138223b),
('cb7f2a4ba973a6c360e6af8c863bbc27c5026160', '::1', 1460204135, 0x5f5f63695f6c6173745f726567656e65726174657c693a313436303230333939353b7573657269647c733a31303a22616d6974616d61723035223b69734c6f676564496e7c623a313b656d7049647c733a343a2265303138223b),
('cdfc3c36f78857981408f95d8afeeef792870e7d', '::1', 1460226829, 0x5f5f63695f6c6173745f726567656e65726174657c693a313436303232363538313b7573657269647c733a31303a22616d6974616d61723035223b69734c6f676564496e7c623a313b656d7049647c733a343a2265303138223b),
('d011073b83d3b74d413d2221d8dd887abeb84155', '::1', 1460198253, 0x5f5f63695f6c6173745f726567656e65726174657c693a313436303139383235333b7573657269647c733a31303a22616d6974616d61723035223b69734c6f676564496e7c623a313b656d7049647c733a343a2265303138223b),
('d027e9f507715d32f41644f9f693f7b878de65fe', '::1', 1460376259, 0x5f5f63695f6c6173745f726567656e65726174657c693a313436303337363133373b7573657269647c733a31303a22616d6974616d61723035223b69734c6f676564496e7c623a313b656d7049647c733a343a2265303138223b),
('d23d9e98f56eedc05ec3b7d81ea278ccf7acf55b', '::1', 1460284542, 0x5f5f63695f6c6173745f726567656e65726174657c693a313436303238343432363b7573657269647c733a31303a22616d6974616d61723035223b69734c6f676564496e7c623a313b656d7049647c733a343a2265303138223b),
('d5e5dcd8e8df0192ecc74ddc218b9673041a1da3', '::1', 1460281024, 0x5f5f63695f6c6173745f726567656e65726174657c693a313436303238303735343b7573657269647c733a31303a22616d6974616d61723035223b69734c6f676564496e7c623a313b656d7049647c733a343a2265303138223b),
('d8e2214d8bdef8e27655dbe729f229331646451f', '::1', 1460200890, 0x5f5f63695f6c6173745f726567656e65726174657c693a313436303230303630323b7573657269647c733a31303a22616d6974616d61723035223b69734c6f676564496e7c623a313b656d7049647c733a343a2265303138223b),
('d8f46f678cbd2954a194c6e0dca689c7675039cf', '::1', 1460374327, 0x5f5f63695f6c6173745f726567656e65726174657c693a313436303337343032393b7573657269647c733a31303a22616d6974616d61723035223b69734c6f676564496e7c623a313b656d7049647c733a343a2265303138223b),
('da7f8f0e3c5846b60e38455352aa621cada4e108', '::1', 1460110780, 0x5f5f63695f6c6173745f726567656e65726174657c693a313436303131303438393b7573657269647c733a31303a22616d6974616d61723035223b69734c6f676564496e7c623a313b656d7049647c733a343a2265303138223b),
('db096c2b700a53651a9e5ee1310869a19c943930', '::1', 1460228837, 0x5f5f63695f6c6173745f726567656e65726174657c693a313436303232383736303b7573657269647c733a31303a22616d6974616d61723035223b69734c6f676564496e7c623a313b656d7049647c733a343a2265303138223b),
('dc06c39f66e7251829bbcb773ece5f666441722f', '::1', 1460191863, 0x5f5f63695f6c6173745f726567656e65726174657c693a313436303139313638363b7573657269647c733a31303a22616d6974616d61723035223b69734c6f676564496e7c623a313b656d7049647c733a343a2265303138223b),
('e085f3eed7bdcb4cd8e7c09562a8f6c3777a8aeb', '::1', 1460199808, 0x5f5f63695f6c6173745f726567656e65726174657c693a313436303139393532393b7573657269647c733a31303a22616d6974616d61723035223b69734c6f676564496e7c623a313b656d7049647c733a343a2265303138223b),
('e2c61978809b34a91ebb95d54b37de8f40bad6d8', '::1', 1460108307, 0x5f5f63695f6c6173745f726567656e65726174657c693a313436303130383038313b7573657269647c733a31303a22616d6974616d61723035223b69734c6f676564496e7c623a313b656d7049647c733a343a2265303138223b),
('e2cd46aaef8b414bfb2042be26a92fe8eafd0e71', '::1', 1460112686, 0x5f5f63695f6c6173745f726567656e65726174657c693a313436303131323536323b7573657269647c733a31303a22616d6974616d61723035223b69734c6f676564496e7c623a313b656d7049647c733a343a2265303138223b),
('e3fabf75acadaaa1bc46b8d8f1ac10e8b4f53dec', '::1', 1460189405, 0x5f5f63695f6c6173745f726567656e65726174657c693a313436303138393138383b7573657269647c733a31303a22616d6974616d61723035223b69734c6f676564496e7c623a313b656d7049647c733a343a2265303138223b),
('e6b73edaa0cd96a6089fbe3f11f80d37ae3e4c31', '::1', 1460202796, 0x5f5f63695f6c6173745f726567656e65726174657c693a313436303230323739353b7573657269647c733a31303a22616d6974616d61723035223b69734c6f676564496e7c623a313b656d7049647c733a343a2265303138223b),
('e87dc3341dd558f6411ebff74846f75a4cb92fad', '192.168.59.102', 1460365505, 0x5f5f63695f6c6173745f726567656e65726174657c693a313436303336353333323b),
('e92a213a52edf4c77d87c84d5583d937ed6d0239', '::1', 1460191158, 0x5f5f63695f6c6173745f726567656e65726174657c693a313436303139313135373b7573657269647c733a31303a22616d6974616d61723035223b69734c6f676564496e7c623a313b656d7049647c733a343a2265303138223b),
('eeedaf99503823b6573a922c7924be7bbce159da', '::1', 1460284901, 0x5f5f63695f6c6173745f726567656e65726174657c693a313436303238343734303b7573657269647c733a31303a22616d6974616d61723035223b69734c6f676564496e7c623a313b656d7049647c733a343a2265303138223b),
('f3a74a28e70f664cb2298c2ce85bf3589b30cc15', '::1', 1460111700, 0x5f5f63695f6c6173745f726567656e65726174657c693a313436303131313438393b7573657269647c733a31303a22616d6974616d61723035223b69734c6f676564496e7c623a313b656d7049647c733a343a2265303138223b),
('f5b779427852d292d3c82f2ab235a398e6255b5f', '::1', 1460195410, 0x5f5f63695f6c6173745f726567656e65726174657c693a313436303139353430393b7573657269647c733a31303a2272616d65736831393834223b69734c6f676564496e7c623a313b656d7049647c733a343a2265303032223b),
('f6ff3f208e4c65f80092485cfc45aa7abe537571', '::1', 1460110339, 0x5f5f63695f6c6173745f726567656e65726174657c693a313436303131303034363b7573657269647c733a31303a22616d6974616d61723035223b69734c6f676564496e7c623a313b656d7049647c733a343a2265303138223b),
('fbd8e077b0b8960506eeed8dc0e36c2c8471a366', '::1', 1460369297, 0x5f5f63695f6c6173745f726567656e65726174657c693a313436303336393039363b7573657269647c733a31303a22616d6974616d61723035223b69734c6f676564496e7c623a313b656d7049647c733a343a2265303138223b),
('fc08fbbd9a98d668d3f57c5caf0bd22cefe88766', '::1', 1460224587, 0x5f5f63695f6c6173745f726567656e65726174657c693a313436303232343431333b7573657269647c733a31303a22616d6974616d61723035223b69734c6f676564496e7c623a313b656d7049647c733a343a2265303138223b),
('fcdc574ff15438cc62bbd69e7309d7b1af595b42', '::1', 1460277455, 0x5f5f63695f6c6173745f726567656e65726174657c693a313436303237373434303b7573657269647c733a31303a22616d6974616d61723035223b69734c6f676564496e7c623a313b656d7049647c733a343a2265303138223b);

-- --------------------------------------------------------

--
-- Table structure for table `cleans`
--

CREATE TABLE IF NOT EXISTS `cleans` (
  `empId` varchar(15) COLLATE utf8_bin NOT NULL,
  `busId` varchar(15) COLLATE utf8_bin NOT NULL,
  `lastCleanDate` date NOT NULL,
  `noOfCleans` int(11) NOT NULL
) ENGINE=InnoDB DEFAULT CHARSET=utf8 COLLATE=utf8_bin COMMENT='which employee repairs which bus';

--
-- Dumping data for table `cleans`
--

INSERT INTO `cleans` (`empId`, `busId`, `lastCleanDate`, `noOfCleans`) VALUES
('e014', 'BR01-BS1000', '2016-04-13', 2),
('e015', 'BR01-BS1001', '2016-04-14', 1),
('e016', 'BR01-BS1002', '2016-04-11', 3),
('e016', 'BR01-BS1003', '2016-04-16', 3),
('e017', 'BR01-BS1004', '2016-04-14', 2),
('e018', 'BR01-BS1000', '2016-04-27', 2);

-- --------------------------------------------------------

--
-- Table structure for table `complaints`
--

CREATE TABLE IF NOT EXISTS `complaints` (
  `empId` varchar(15) COLLATE utf8_bin NOT NULL,
  `subject` varchar(100) COLLATE utf8_bin NOT NULL,
  `complaintDate` date NOT NULL,
  `complaintTime` time NOT NULL,
  `complaint` varchar(1000) COLLATE utf8_bin NOT NULL
) ENGINE=InnoDB DEFAULT CHARSET=utf8 COLLATE=utf8_bin;

--
-- Dumping data for table `complaints`
--

INSERT INTO `complaints` (`empId`, `subject`, `complaintDate`, `complaintTime`, `complaint`) VALUES
('e018', 'Bus no. BR-101', '2016-04-09', '18:46:55', 'It does not run on time');

-- --------------------------------------------------------

--
-- Table structure for table `drives`
--

CREATE TABLE IF NOT EXISTS `drives` (
  `empId` varchar(15) COLLATE utf8_bin NOT NULL COMMENT 'Employee id',
  `busId` varchar(15) COLLATE utf8_bin NOT NULL COMMENT 'Bus Id',
  `startTime` time NOT NULL COMMENT 'When starts driving',
  `endTime` time NOT NULL COMMENT 'When ends driving'
) ENGINE=InnoDB DEFAULT CHARSET=utf8 COLLATE=utf8_bin COMMENT='which driver drives which bus and when';

--
-- Dumping data for table `drives`
--

INSERT INTO `drives` (`empId`, `busId`, `startTime`, `endTime`) VALUES
('e001', 'BR01-BS1000', '08:00:00', '21:00:00'),
('e002', 'BR01-BS1001', '20:00:00', '06:00:00'),
('e003', 'BR01-BS1002', '21:00:00', '06:00:00'),
('e004', 'BR01-BS1003', '11:37:00', '22:37:00');

-- --------------------------------------------------------

--
-- Table structure for table `employee`
--

CREATE TABLE IF NOT EXISTS `employee` (
  `empId` varchar(15) COLLATE utf8_bin NOT NULL COMMENT 'Employee id',
  `fName` varchar(30) COLLATE utf8_bin NOT NULL COMMENT 'First name',
  `mName` varchar(30) COLLATE utf8_bin DEFAULT NULL COMMENT 'Middle Name',
  `lName` varchar(30) COLLATE utf8_bin DEFAULT NULL COMMENT 'Last Name',
  `dob` date NOT NULL COMMENT 'Date of birth',
  `salary` int(11) NOT NULL,
  `post` varchar(15) COLLATE utf8_bin NOT NULL
) ENGINE=InnoDB DEFAULT CHARSET=utf8 COLLATE=utf8_bin COMMENT='For all type of employee.';

--
-- Dumping data for table `employee`
--

INSERT INTO `employee` (`empId`, `fName`, `mName`, `lName`, `dob`, `salary`, `post`) VALUES
('e001', 'mahesh', NULL, NULL, '1974-04-14', 20000, 'driver'),
('e002', 'ramesh', NULL, 'kumar', '1984-04-09', 15000, 'driver'),
('e003', 'mohit', NULL, 'kumar', '1973-08-22', 20000, 'driver'),
('e004', 'tilak', 'kumar', NULL, '1972-10-04', 20000, 'driver'),
('e005', 'akash', NULL, 'kumar', '1986-08-19', 15000, 'conductor'),
('e006', 'raju', NULL, 'kumar', '1968-04-10', 25000, 'conductor'),
('e007', 'roshan', NULL, 'kumar', '1960-11-03', 30000, 'conductor'),
('e008', 'kumar', NULL, NULL, '1969-05-17', 30000, 'conductor'),
('e009', 'mukesh', NULL, 'kumar', '1987-01-23', 20000, 'conductor'),
('e010', 'suresh', NULL, 'kumar', '1959-04-14', 30000, 'technician'),
('e011', 'aroop', NULL, 'kumar', '1985-04-04', 15000, 'technician'),
('e012', 'kisor', NULL, 'kumar', '1976-07-14', 25000, 'technician'),
('e013', 'narayan', NULL, 'kumar', '1965-04-20', 35000, 'technician'),
('e014', 'nilesh', NULL, 'kumar', '1976-04-28', 10000, 'sweeper'),
('e015', 'nagesh', NULL, 'kumar', '1978-04-26', 10000, 'sweeper'),
('e016', 'vibhuti', NULL, 'kumar', '1957-02-23', 15000, 'sweeper'),
('e017', 'manohar', NULL, 'kumar', '1967-09-11', 13000, 'sweeper'),
('e018', 'amar', NULL, 'kumar', '1986-04-08', 10000, 'sweeper'),
('e019', 'upendra', 'kumar', 'sinha', '1972-11-07', 40000, 'manager'),
('e020', 'raju', NULL, 'kumar', '1978-04-12', 10000, 'fuel boy');

-- --------------------------------------------------------

--
-- Table structure for table `emp_contact_no`
--

CREATE TABLE IF NOT EXISTS `emp_contact_no` (
  `empId` varchar(15) COLLATE utf8_bin NOT NULL COMMENT 'Employee id',
  `contactNo` varchar(13) COLLATE utf8_bin NOT NULL COMMENT 'Mobile or landline number'
) ENGINE=InnoDB DEFAULT CHARSET=utf8 COLLATE=utf8_bin COMMENT='Contact numbers';

--
-- Dumping data for table `emp_contact_no`
--

INSERT INTO `emp_contact_no` (`empId`, `contactNo`) VALUES
('e001', '9097123234'),
('e002', '9876543256'),
('e003', '9806765437'),
('e004', '9987665545'),
('e005', '8765456789'),
('e006', '7865677777'),
('e007', '7654321098'),
('e008', '7545876543'),
('e009', '7098765432'),
('e009', '7767676767'),
('e010', '8787654321'),
('e011', '7324545678'),
('e012', '7072747658'),
('e013', '9807467682'),
('e014', '8978655443'),
('e015', '9570567882'),
('e016', '7877654373'),
('e017', '9709956798'),
('e018', '9609765443'),
('e019', '9097131742'),
('e019', '9386190900'),
('e020', '8799786574');

-- --------------------------------------------------------

--
-- Table structure for table `emp_gen_info`
--

CREATE TABLE IF NOT EXISTS `emp_gen_info` (
  `empId` varchar(15) COLLATE utf8_bin NOT NULL COMMENT 'Employee id',
  `line1` varchar(100) COLLATE utf8_bin NOT NULL,
  `line2` varchar(100) COLLATE utf8_bin DEFAULT NULL,
  `city` varchar(50) COLLATE utf8_bin NOT NULL,
  `district` varchar(50) COLLATE utf8_bin NOT NULL,
  `state` varchar(50) COLLATE utf8_bin NOT NULL,
  `pin` int(6) NOT NULL,
  `joiningDate` date NOT NULL,
  `retirementDate` date NOT NULL
) ENGINE=InnoDB DEFAULT CHARSET=utf8 COLLATE=utf8_bin COMMENT='Contains address and joining and retirement dates';

--
-- Dumping data for table `emp_gen_info`
--

INSERT INTO `emp_gen_info` (`empId`, `line1`, `line2`, `city`, `district`, `state`, `pin`, `joiningDate`, `retirementDate`) VALUES
('e001', 'mahendru', NULL, 'PATNA', 'patna', 'bihar', 800006, '2016-04-22', '2036-04-20'),
('e002', 'bodhgaya', NULL, 'gaya', 'gaya', 'bihar', 820034, '2014-04-20', '2046-06-04'),
('e003', 'varanasi', NULL, 'varanasi', 'varanasi', 'uttar pradesh', 567899, '2000-05-07', '2033-04-29'),
('e004', 'allahabad', NULL, 'allahabad', 'allahabad', 'uttar pradesh', 587679, '2000-01-20', '2032-04-29'),
('e005', 'mumbai', NULL, 'mumbai', 'mumbai', 'maharastra', 234567, '1999-04-15', '2032-04-25'),
('e006', 'pune ', NULL, 'pune', 'pune', 'maharashtra', 233764, '2007-11-20', '2046-04-27'),
('e007', 'bakhtiyarpur', NULL, 'patna', 'patna', 'bihar', 812345, '1990-04-12', '2028-04-15'),
('e008', 'sonbarsa', NULL, 'saharsa', 'saharsa', 'bihar', 856473, '1991-06-07', '2029-06-29'),
('e009', 'panaji', NULL, 'panaji', 'panaji', 'goa', 289977, '2016-09-19', '2031-04-18'),
('e010', 'araria', NULL, 'araria', 'araria', 'bihar', 835567, '1985-04-12', '2019-04-04'),
('e011', 'baraiya', NULL, 'lakhisaray', 'lakhisaray', 'bihar', 845654, '2006-04-30', '2045-04-19'),
('e012', 'barauni', NULL, 'bnegusarai', 'begusarai', 'bihar', 845676, '2000-03-12', '2036-02-21'),
('e013', 'forbesganj', NULL, 'araria', 'araria', 'bihar', 845678, '1990-04-13', '2025-04-26'),
('e014', 'mansi', NULL, 'khagaria', 'khagaria', 'bihar', 825346, '2000-11-14', '2036-04-21'),
('e015', 'koparia', NULL, 'saharsa', 'saharsa', 'bihar', 857634, '1999-12-21', '2038-12-12'),
('e016', 'madhubani', NULL, 'madhubani', 'madhubani', 'bihar', 867794, '1980-07-20', '2016-07-20'),
('e017', 'tarapur', NULL, 'saharsa', 'saharsa', 'bihar', 856432, '1990-08-14', '2027-08-19'),
('e018', 'badh', NULL, 'patna', 'patna', 'bihar', 807654, '2008-04-20', '2046-04-26'),
('e019', 'karnpur', NULL, 'supaul', 'supaul', 'bihar', 867564, '1994-04-20', '2032-04-27'),
('e020', 'beli road', NULL, 'PATNA', 'PATNA', 'BIHAR', 800006, '2000-04-08', '2038-04-21');

-- --------------------------------------------------------

--
-- Table structure for table `emp_login_info`
--

CREATE TABLE IF NOT EXISTS `emp_login_info` (
  `empId` varchar(15) COLLATE utf8_bin NOT NULL,
  `userid` varchar(40) COLLATE utf8_bin NOT NULL,
  `password` varchar(100) COLLATE utf8_bin NOT NULL
) ENGINE=InnoDB DEFAULT CHARSET=utf8 COLLATE=utf8_bin;

--
-- Dumping data for table `emp_login_info`
--

INSERT INTO `emp_login_info` (`empId`, `userid`, `password`) VALUES
('e002', 'ramesh1984', 'kumar'),
('e018', 'amitamar05', 'kumar');

-- --------------------------------------------------------

--
-- Table structure for table `fuels`
--

CREATE TABLE IF NOT EXISTS `fuels` (
  `empId` varchar(15) COLLATE utf8_bin NOT NULL,
  `busId` varchar(15) COLLATE utf8_bin NOT NULL,
  `lastRepairDate` date NOT NULL,
  `lastFuelAmt` int(11) NOT NULL COMMENT 'How much fuel bought last time',
  `noOfRepairs` int(11) NOT NULL
) ENGINE=InnoDB DEFAULT CHARSET=utf8 COLLATE=utf8_bin COMMENT='which employee repairs which bus';

--
-- Dumping data for table `fuels`
--

INSERT INTO `fuels` (`empId`, `busId`, `lastRepairDate`, `lastFuelAmt`, `noOfRepairs`) VALUES
('e020', 'BR01-BS1000', '2016-04-14', 100, 45);

-- --------------------------------------------------------

--
-- Table structure for table `manages`
--

CREATE TABLE IF NOT EXISTS `manages` (
  `empId` varchar(15) COLLATE utf8_bin NOT NULL,
  `busId` varchar(15) COLLATE utf8_bin NOT NULL
) ENGINE=InnoDB DEFAULT CHARSET=utf8 COLLATE=utf8_bin COMMENT='which employee repairs which bus';

--
-- Dumping data for table `manages`
--

INSERT INTO `manages` (`empId`, `busId`) VALUES
('e019', 'BR01-BS1000'),
('e019', 'BR01-BS1001'),
('e019', 'BR01-BS1002'),
('e019', 'BR01-BS1003'),
('e019', 'BR01-BS1004');

-- --------------------------------------------------------

--
-- Table structure for table `notifications`
--

CREATE TABLE IF NOT EXISTS `notifications` (
  `empId` varchar(15) COLLATE utf8_bin NOT NULL,
  `author` varchar(15) COLLATE utf8_bin NOT NULL,
  `msgDate` date NOT NULL,
  `msgTime` time NOT NULL,
  `notification` varchar(500) COLLATE utf8_bin NOT NULL
) ENGINE=InnoDB DEFAULT CHARSET=utf8 COLLATE=utf8_bin;

--
-- Dumping data for table `notifications`
--

INSERT INTO `notifications` (`empId`, `author`, `msgDate`, `msgTime`, `notification`) VALUES
('e002', 'e018', '2016-04-09', '14:51:47', 'Happy Birthday to you'),
('e002', 'e018', '2016-04-09', '14:58:48', 'In the above example, we have not provided tutorial_id because at the time of table creation, we had given AUTO_INCREMENT option for this field. So MySQL takes care of inserting these IDs automatically.'),
('e002', 'e018', '2016-04-09', '15:19:40', 'kya bey kya kar rha hai'),
('e018', 'e001', '2016-04-04', '03:17:00', 'Hey Amit, The Bus that i drive has got some problem. So I need some money to let it be checked my some mechanic. And kindly suggest some mechanic around my current location. thankx.'),
('e018', 'e007', '2016-04-06', '04:17:00', 'Hello Amit how are you. Try to find some free time and lets have a cup of tea.');

-- --------------------------------------------------------

--
-- Table structure for table `operates`
--

CREATE TABLE IF NOT EXISTS `operates` (
  `empId` varchar(15) COLLATE utf8_bin NOT NULL COMMENT 'Employee id',
  `busId` varchar(15) COLLATE utf8_bin NOT NULL COMMENT 'Bus Id',
  `startTime` time NOT NULL COMMENT 'When starts driving',
  `endTime` time NOT NULL COMMENT 'When ends driving'
) ENGINE=InnoDB DEFAULT CHARSET=utf8 COLLATE=utf8_bin COMMENT='which conductor operates on which bus and when';

--
-- Dumping data for table `operates`
--

INSERT INTO `operates` (`empId`, `busId`, `startTime`, `endTime`) VALUES
('e005', 'BR01-BS1000', '08:00:00', '21:00:00'),
('e006', 'BR01-BS1001', '20:00:00', '06:00:00'),
('e007', 'BR01-BS1002', '21:00:00', '06:00:00'),
('e008', 'BR01-BS1003', '11:37:00', '22:37:00');

-- --------------------------------------------------------

--
-- Table structure for table `repairs`
--

CREATE TABLE IF NOT EXISTS `repairs` (
  `empId` varchar(15) COLLATE utf8_bin NOT NULL,
  `busId` varchar(15) COLLATE utf8_bin NOT NULL,
  `lastRepairDate` date NOT NULL,
  `noOfRepairs` int(11) NOT NULL
) ENGINE=InnoDB DEFAULT CHARSET=utf8 COLLATE=utf8_bin COMMENT='which employee repairs which bus';

--
-- Dumping data for table `repairs`
--

INSERT INTO `repairs` (`empId`, `busId`, `lastRepairDate`, `noOfRepairs`) VALUES
('e010', 'BR01-BS1000', '2016-04-11', 50),
('e011', 'BR01-BS1001', '2016-04-10', 75),
('e012', 'BR01-BS1002', '2016-04-11', 54),
('e013', 'BR01-BS1003', '2016-04-23', 56);

--
-- Indexes for dumped tables
--

--
-- Indexes for table `bus`
--
ALTER TABLE `bus`
  ADD PRIMARY KEY (`busId`);

--
-- Indexes for table `bus_gen_info`
--
ALTER TABLE `bus_gen_info`
  ADD PRIMARY KEY (`busId`);

--
-- Indexes for table `ci_sessions`
--
ALTER TABLE `ci_sessions`
  ADD PRIMARY KEY (`id`), ADD KEY `ci_sessions_timestamp` (`timestamp`);

--
-- Indexes for table `cleans`
--
ALTER TABLE `cleans`
  ADD PRIMARY KEY (`empId`,`busId`), ADD KEY `FK_CLEANS_TO_BUS` (`busId`);

--
-- Indexes for table `complaints`
--
ALTER TABLE `complaints`
  ADD PRIMARY KEY (`empId`,`subject`,`complaintDate`,`complaintTime`);

--
-- Indexes for table `drives`
--
ALTER TABLE `drives`
  ADD PRIMARY KEY (`empId`,`busId`), ADD KEY `FK_DRIVES_TO_BUS` (`busId`);

--
-- Indexes for table `employee`
--
ALTER TABLE `employee`
  ADD PRIMARY KEY (`empId`), ADD KEY `empId` (`empId`);

--
-- Indexes for table `emp_contact_no`
--
ALTER TABLE `emp_contact_no`
  ADD PRIMARY KEY (`empId`,`contactNo`);

--
-- Indexes for table `emp_gen_info`
--
ALTER TABLE `emp_gen_info`
  ADD PRIMARY KEY (`empId`);

--
-- Indexes for table `emp_login_info`
--
ALTER TABLE `emp_login_info`
  ADD PRIMARY KEY (`empId`);

--
-- Indexes for table `fuels`
--
ALTER TABLE `fuels`
  ADD PRIMARY KEY (`empId`,`busId`), ADD KEY `FK_FUELS_TO_BUS` (`busId`);

--
-- Indexes for table `manages`
--
ALTER TABLE `manages`
  ADD PRIMARY KEY (`empId`,`busId`), ADD KEY `FK_MANAGES_TO_BUS` (`busId`);

--
-- Indexes for table `notifications`
--
ALTER TABLE `notifications`
  ADD PRIMARY KEY (`empId`,`author`,`msgDate`,`msgTime`);

--
-- Indexes for table `operates`
--
ALTER TABLE `operates`
  ADD PRIMARY KEY (`empId`,`busId`), ADD KEY `FK_OPERATES_TO_BUS` (`busId`);

--
-- Indexes for table `repairs`
--
ALTER TABLE `repairs`
  ADD PRIMARY KEY (`empId`,`busId`), ADD KEY `FK_REPAIRES_TO_BUS` (`busId`);

--
-- Constraints for dumped tables
--

--
-- Constraints for table `bus_gen_info`
--
ALTER TABLE `bus_gen_info`
ADD CONSTRAINT `FK_BUS_GEN_INFO` FOREIGN KEY (`busId`) REFERENCES `bus` (`busId`),
ADD CONSTRAINT `FK_BUS_GEN_INFO_TO_BUS` FOREIGN KEY (`busId`) REFERENCES `bus` (`busId`) ON DELETE CASCADE;

--
-- Constraints for table `cleans`
--
ALTER TABLE `cleans`
ADD CONSTRAINT `FK_CLEANS_TO_BUS` FOREIGN KEY (`busId`) REFERENCES `bus` (`busId`) ON DELETE CASCADE,
ADD CONSTRAINT `FK_CLEANS_TO_EMP` FOREIGN KEY (`empId`) REFERENCES `employee` (`empId`) ON DELETE CASCADE;

--
-- Constraints for table `drives`
--
ALTER TABLE `drives`
ADD CONSTRAINT `FK_DRIVES_TO_BUS` FOREIGN KEY (`busId`) REFERENCES `bus` (`busId`) ON DELETE CASCADE,
ADD CONSTRAINT `FK_DRIVES_TO_EMP` FOREIGN KEY (`empId`) REFERENCES `employee` (`empId`) ON DELETE CASCADE;

--
-- Constraints for table `emp_contact_no`
--
ALTER TABLE `emp_contact_no`
ADD CONSTRAINT `FK_EMP_CONTACT_NO` FOREIGN KEY (`empId`) REFERENCES `employee` (`empId`),
ADD CONSTRAINT `FK_EMP_CONTACT_NO_TO_EMP` FOREIGN KEY (`empId`) REFERENCES `employee` (`empId`) ON DELETE CASCADE;

--
-- Constraints for table `emp_gen_info`
--
ALTER TABLE `emp_gen_info`
ADD CONSTRAINT `FK_EMP_GEN_INFO` FOREIGN KEY (`empId`) REFERENCES `employee` (`empId`),
ADD CONSTRAINT `FK_EMP_GEN_INFO_TO_EMP` FOREIGN KEY (`empId`) REFERENCES `employee` (`empId`) ON DELETE CASCADE;

--
-- Constraints for table `emp_login_info`
--
ALTER TABLE `emp_login_info`
ADD CONSTRAINT `EMP_LOGIN_FOREIGN_KEY` FOREIGN KEY (`empId`) REFERENCES `employee` (`empId`) ON DELETE CASCADE;

--
-- Constraints for table `fuels`
--
ALTER TABLE `fuels`
ADD CONSTRAINT `FK_FUELS_TO_BUS` FOREIGN KEY (`busId`) REFERENCES `bus` (`busId`) ON DELETE CASCADE,
ADD CONSTRAINT `FK_FUELS_TO_EMP` FOREIGN KEY (`empId`) REFERENCES `employee` (`empId`) ON DELETE CASCADE;

--
-- Constraints for table `manages`
--
ALTER TABLE `manages`
ADD CONSTRAINT `FK_MANAGES_TO_BUS` FOREIGN KEY (`busId`) REFERENCES `bus` (`busId`) ON DELETE CASCADE,
ADD CONSTRAINT `FK_MANAGES_TO_EMP` FOREIGN KEY (`empId`) REFERENCES `employee` (`empId`) ON DELETE CASCADE;

--
-- Constraints for table `operates`
--
ALTER TABLE `operates`
ADD CONSTRAINT `FK_OPERATES_TO_BUS` FOREIGN KEY (`busId`) REFERENCES `bus` (`busId`) ON DELETE CASCADE,
ADD CONSTRAINT `FK_OPERATES_TO_EMP` FOREIGN KEY (`empId`) REFERENCES `employee` (`empId`) ON DELETE CASCADE;

--
-- Constraints for table `repairs`
--
ALTER TABLE `repairs`
ADD CONSTRAINT `FK_REPAIRES_TO_BUS` FOREIGN KEY (`busId`) REFERENCES `bus` (`busId`) ON DELETE CASCADE,
ADD CONSTRAINT `FK_REPAIRES_TO_EMP` FOREIGN KEY (`empId`) REFERENCES `employee` (`empId`) ON DELETE CASCADE;

/*!40101 SET CHARACTER_SET_CLIENT=@OLD_CHARACTER_SET_CLIENT */;
/*!40101 SET CHARACTER_SET_RESULTS=@OLD_CHARACTER_SET_RESULTS */;
/*!40101 SET COLLATION_CONNECTION=@OLD_COLLATION_CONNECTION */;
